insert into FINANCE_BUSINESS
(ID, VERSION, CREATE_TS, CREATED_BY, UPDATE_TS, UPDATED_BY, DELETE_TS, DELETED_BY, NAME)
values ('b2b91e6c-8cb3-d952-dbe2-adb67958ffb5', 1, '2022-03-15 22:21:28', 'admin', '2022-03-15 22:21:28', null, null,
        null, 'Смарт Энерджи') ^

insert into FINANCE_BUSINESS
(ID, VERSION, CREATE_TS, CREATED_BY, UPDATE_TS, UPDATED_BY, DELETE_TS, DELETED_BY, NAME)
values ('c3307b59-0d82-6a6b-7ca4-bfb0d11ba028', 1, '2022-03-15 22:21:28', 'admin', '2022-03-15 22:21:28', null, null, null, 'Смарт Урбан')^

insert into FINANCE_BUSINESS
(ID, VERSION, CREATE_TS, CREATED_BY, UPDATE_TS, UPDATED_BY, DELETE_TS, DELETED_BY, NAME)
values ('7dd20d96-47bf-5bae-3e1a-d192eaf29f00', 1, '2022-03-15 22:21:28', 'admin', '2022-03-15 22:21:28', null, null, null, 'Верес')^

insert into FINANCE_BUSINESS
(ID, VERSION, CREATE_TS, CREATED_BY, UPDATE_TS, UPDATED_BY, DELETE_TS, DELETED_BY, NAME)
values ('d02d0e26-aa64-7f56-ecf0-91a23984596b', 1, '2022-03-15 22:21:28', 'admin', '2022-03-15 22:21:28', null, null, null, 'ФТИ')^

insert into FINANCE_BUSINESS
(ID, VERSION, CREATE_TS, CREATED_BY, UPDATE_TS, UPDATED_BY, DELETE_TS, DELETED_BY, NAME)
values ('a869b197-b45d-a129-b241-87efe9b0390e', 1, '2022-03-15 22:21:28', 'admin', '2022-03-15 22:21:28', null, null, null, 'Амстор')^

insert into FINANCE_BUSINESS
(ID, VERSION, CREATE_TS, CREATED_BY, UPDATE_TS, UPDATED_BY, DELETE_TS, DELETED_BY, NAME)
values ('062478f7-5126-faff-cbee-5de71728f522', 1, '2022-03-15 22:21:28', 'admin', '2022-03-15 22:21:28', null, null, null, 'Наваль')^

insert into FINANCE_BUSINESS
(ID, VERSION, CREATE_TS, CREATED_BY, UPDATE_TS, UPDATED_BY, DELETE_TS, DELETED_BY, NAME)
values ('37276629-3d35-aa65-406b-90e89d5a0a98', 1, '2022-03-15 22:21:28', 'admin', '2022-03-15 22:21:28', null, null, null, 'СМГ')^

insert into FINANCE_BUSINESS
(ID, VERSION, CREATE_TS, CREATED_BY, UPDATE_TS, UPDATED_BY, DELETE_TS, DELETED_BY, NAME)
values ('88d0a5c0-16fe-199d-49df-431ecb8de113', 1, '2022-03-15 22:21:28', 'admin', '2022-03-15 22:21:28', null, null, null, 'Холдинг')^

insert into FINANCE_BUSINESS
(ID, VERSION, CREATE_TS, CREATED_BY, UPDATE_TS, UPDATED_BY, DELETE_TS, DELETED_BY, NAME)
values ('52730b35-900a-02ad-4d90-f0c78c23980e', 1, '2022-03-15 22:21:28', 'admin', '2022-03-15 22:21:28', null, null, null, 'ФО')^

insert into FINANCE_COMPANY
(ID, VERSION, CREATE_TS, CREATED_BY, UPDATE_TS, UPDATED_BY, DELETE_TS, DELETED_BY, NAME, BUSINESS_ID)
values ('c4794ea4-c9cb-3d6d-d46d-fd48fac5083b', 1, '2022-03-15 22:38:11', 'admin', '2022-03-15 22:38:11', null, null, null, 'АМСТОР-ІНВЕСТ ТОВ', 'a869b197-b45d-a129-b241-87efe9b0390e')^

insert into FINANCE_COMPANY
(ID, VERSION, CREATE_TS, CREATED_BY, UPDATE_TS, UPDATED_BY, DELETE_TS, DELETED_BY, NAME, BUSINESS_ID)
values ('488a2691-6728-5254-5a4a-13781184f9ee', 1, '2022-03-15 22:38:11', 'admin', '2022-03-15 22:38:11', null, null, null, 'ТРАНС-БУД ТОВ', 'a869b197-b45d-a129-b241-87efe9b0390e')^

insert into FINANCE_COMPANY
(ID, VERSION, CREATE_TS, CREATED_BY, UPDATE_TS, UPDATED_BY, DELETE_TS, DELETED_BY, NAME, BUSINESS_ID)
values ('625a72d5-aab7-78d3-4639-d022a9cbf12b', 1, '2022-03-15 22:38:11', 'admin', '2022-03-15 22:38:11', null, null, null, 'АМСТОР ТОВ', 'a869b197-b45d-a129-b241-87efe9b0390e')^

insert into FINANCE_COMPANY
(ID, VERSION, CREATE_TS, CREATED_BY, UPDATE_TS, UPDATED_BY, DELETE_TS, DELETED_BY, NAME, BUSINESS_ID)
values ('23d5a985-0a20-f432-a42d-cee4826ca548', 1, '2022-03-15 22:38:11', 'admin', '2022-03-15 22:38:11', null, null, null, 'ЮДЖИН ТОВ', 'c3307b59-0d82-6a6b-7ca4-bfb0d11ba028')^

insert into FINANCE_COMPANY
(ID, VERSION, CREATE_TS, CREATED_BY, UPDATE_TS, UPDATED_BY, DELETE_TS, DELETED_BY, NAME, BUSINESS_ID)
values ('9b654cb9-14a1-024f-9e5a-376e162b964d', 1, '2022-03-15 22:38:11', 'admin', '2022-03-15 22:38:11', null, null, null, 'ПРОДХІМІНДУСТРІЯ ТОВ', 'c3307b59-0d82-6a6b-7ca4-bfb0d11ba028')^

insert into FINANCE_COMPANY
(ID, VERSION, CREATE_TS, CREATED_BY, UPDATE_TS, UPDATED_BY, DELETE_TS, DELETED_BY, NAME, BUSINESS_ID)
values ('d04d9784-27e8-93c3-58bc-1a5077afa48e', 1, '2022-03-15 22:38:11', 'admin', '2022-03-15 22:38:11', null, null, null, 'ПАУЕР БУД ДЕВЕЛОПМЕНТ ТОВ', 'c3307b59-0d82-6a6b-7ca4-bfb0d11ba028')^

insert into FINANCE_COMPANY
(ID, VERSION, CREATE_TS, CREATED_BY, UPDATE_TS, UPDATED_BY, DELETE_TS, DELETED_BY, NAME, BUSINESS_ID)
values ('01a58e74-03da-77bf-0b7c-4781c130bb31', 1, '2022-03-15 22:38:11', 'admin', '2022-03-15 22:38:11', null, null, null, 'СМАРТ УРБАН ТОВ', 'c3307b59-0d82-6a6b-7ca4-bfb0d11ba028')^

insert into FINANCE_COMPANY
(ID, VERSION, CREATE_TS, CREATED_BY, UPDATE_TS, UPDATED_BY, DELETE_TS, DELETED_BY, NAME, BUSINESS_ID)
values ('70e0f8db-b68c-a7c0-d7a0-dc8e4692215e', 1, '2022-03-15 22:38:11', 'admin', '2022-03-15 22:38:11', null, null, null, 'ТРОЇЦЬКИЙ ПЛАЗА ТОВ', 'c3307b59-0d82-6a6b-7ca4-bfb0d11ba028')^

insert into FINANCE_COMPANY
(ID, VERSION, CREATE_TS, CREATED_BY, UPDATE_TS, UPDATED_BY, DELETE_TS, DELETED_BY, NAME, BUSINESS_ID)
values ('a5d7c60a-72f8-63af-ca08-50145cb1d353', 1, '2022-03-15 22:38:11', 'admin', '2022-03-15 22:38:11', null, null, null, 'УРБАН АКТІВІТІ ТОВ', 'c3307b59-0d82-6a6b-7ca4-bfb0d11ba028')^

insert into FINANCE_COMPANY
(ID, VERSION, CREATE_TS, CREATED_BY, UPDATE_TS, UPDATED_BY, DELETE_TS, DELETED_BY, NAME, BUSINESS_ID)
values ('7a8dd49e-5df4-6e1f-1349-7bf6da31471e', 1, '2022-03-15 22:38:11', 'admin', '2022-03-15 22:38:11', null, null, null, 'СЕДВЕРС ТОВ', 'c3307b59-0d82-6a6b-7ca4-bfb0d11ba028')^

insert into FINANCE_COMPANY
(ID, VERSION, CREATE_TS, CREATED_BY, UPDATE_TS, UPDATED_BY, DELETE_TS, DELETED_BY, NAME, BUSINESS_ID)
values ('a7278344-bd1d-96f8-a4a7-08129fb8abce', 1, '2022-03-15 22:38:11', 'admin', '2022-03-15 22:38:11', null, null, null, 'КОЛУМБУС ТОВ', 'c3307b59-0d82-6a6b-7ca4-bfb0d11ba028')^

insert into FINANCE_COMPANY
(ID, VERSION, CREATE_TS, CREATED_BY, UPDATE_TS, UPDATED_BY, DELETE_TS, DELETED_BY, NAME, BUSINESS_ID)
values ('7bd5b83b-65f2-c29c-d557-387d22b38390', 1, '2022-03-15 22:38:11', 'admin', '2022-03-15 22:38:11', null, null, null, 'ІСТ СОЛЮШН ГРУП ТОВ', 'c3307b59-0d82-6a6b-7ca4-bfb0d11ba028')^

insert into FINANCE_COMPANY
(ID, VERSION, CREATE_TS, CREATED_BY, UPDATE_TS, UPDATED_BY, DELETE_TS, DELETED_BY, NAME, BUSINESS_ID)
values ('e6548a84-2aaa-e51f-b005-de818f59a436', 1, '2022-03-15 22:38:11', 'admin', '2022-03-15 22:38:11', null, null, null, 'КОМПАНІЯ ПОЛІТРЕЙД ТОВ', 'c3307b59-0d82-6a6b-7ca4-bfb0d11ba028')^

insert into FINANCE_COMPANY
(ID, VERSION, CREATE_TS, CREATED_BY, UPDATE_TS, UPDATED_BY, DELETE_TS, DELETED_BY, NAME, BUSINESS_ID)
values ('735ea68f-12b7-6145-db59-96daa3fcb7a8', 1, '2022-03-15 22:38:11', 'admin', '2022-03-15 22:38:11', null, null, null, 'БС ПРОПЕРТІ ТОВ', 'c3307b59-0d82-6a6b-7ca4-bfb0d11ba028')^

insert into FINANCE_COMPANY
(ID, VERSION, CREATE_TS, CREATED_BY, UPDATE_TS, UPDATED_BY, DELETE_TS, DELETED_BY, NAME, BUSINESS_ID)
values ('ab1357e3-272f-268c-2b3c-af24a588a89b', 1, '2022-03-15 22:38:11', 'admin', '2022-03-15 22:38:11', null, null, null, 'ВІДЖИ ПРОДАКШН ТОВ', '7dd20d96-47bf-5bae-3e1a-d192eaf29f00')^

insert into FINANCE_COMPANY
(ID, VERSION, CREATE_TS, CREATED_BY, UPDATE_TS, UPDATED_BY, DELETE_TS, DELETED_BY, NAME, BUSINESS_ID)
values ('da971c33-76c0-eae6-4ea8-b3f4b3de10b3', 1, '2022-03-15 22:38:11', 'admin', '2022-03-15 22:38:11', null, null, null, 'ВІДЖИ ФАРМІНГ ТОВ', '7dd20d96-47bf-5bae-3e1a-d192eaf29f00')^

insert into FINANCE_COMPANY
(ID, VERSION, CREATE_TS, CREATED_BY, UPDATE_TS, UPDATED_BY, DELETE_TS, DELETED_BY, NAME, BUSINESS_ID)
values ('553c1e48-bbcd-a3dc-1ac2-1be2d9bee1a6', 1, '2022-03-15 22:38:11', 'admin', '2022-03-15 22:38:11', null, null, null, 'ВІДЖИ ТРЕЙД ТОВ', '7dd20d96-47bf-5bae-3e1a-d192eaf29f00')^

insert into FINANCE_COMPANY
(ID, VERSION, CREATE_TS, CREATED_BY, UPDATE_TS, UPDATED_BY, DELETE_TS, DELETED_BY, NAME, BUSINESS_ID)
values ('2ced7a61-25ab-2a72-0020-b366ae2a3c15', 1, '2022-03-15 22:38:11', 'admin', '2022-03-15 22:38:11', null, null, null, 'ВІДЖИ АГРО ТОВ', '7dd20d96-47bf-5bae-3e1a-d192eaf29f00')^

insert into FINANCE_COMPANY
(ID, VERSION, CREATE_TS, CREATED_BY, UPDATE_TS, UPDATED_BY, DELETE_TS, DELETED_BY, NAME, BUSINESS_ID)
values ('bd43536c-3fd2-3e28-a4e0-75c1a3d2d811', 1, '2022-03-15 22:38:11', 'admin', '2022-03-15 22:38:11', null, null, null, 'КОРСУНЬ ЛОГІСТІКС ТОВ', '7dd20d96-47bf-5bae-3e1a-d192eaf29f00')^

insert into FINANCE_COMPANY
(ID, VERSION, CREATE_TS, CREATED_BY, UPDATE_TS, UPDATED_BY, DELETE_TS, DELETED_BY, NAME, BUSINESS_ID)
values ('73dfb70e-c00f-e3d4-fefc-c838f63a0c46', 1, '2022-03-15 22:38:11', 'admin', '2022-03-15 22:38:11', null, null, null, 'ІНВЕСТ 2018 ТОВ', '7dd20d96-47bf-5bae-3e1a-d192eaf29f00')^

insert into FINANCE_COMPANY
(ID, VERSION, CREATE_TS, CREATED_BY, UPDATE_TS, UPDATED_BY, DELETE_TS, DELETED_BY, NAME, BUSINESS_ID)
values ('4fa7adb1-cb5e-3a8b-dc19-89dda928b391', 1, '2022-03-15 22:38:11', 'admin', '2022-03-15 22:38:11', null, null, null, 'НАВАЛЬ ЛОГІСТІК ТОВ', '062478f7-5126-faff-cbee-5de71728f522')^

insert into FINANCE_COMPANY
(ID, VERSION, CREATE_TS, CREATED_BY, UPDATE_TS, UPDATED_BY, DELETE_TS, DELETED_BY, NAME, BUSINESS_ID)
values ('8f020c12-d82e-14b2-a510-a1091d9d8bef', 1, '2022-03-15 22:38:11', 'admin', '2022-03-15 22:38:11', null, null, null, 'НАВАЛЬ ПАРК ТОВ', '062478f7-5126-faff-cbee-5de71728f522')^

insert into FINANCE_COMPANY
(ID, VERSION, CREATE_TS, CREATED_BY, UPDATE_TS, UPDATED_BY, DELETE_TS, DELETED_BY, NAME, BUSINESS_ID)
values ('2aa0c5c1-3604-c7a3-913e-f9cec7c84cc0', 1, '2022-03-15 22:38:11', 'admin', '2022-03-15 22:38:11', null, null, null, 'ПОРТ ОЧАКІВ ТОВ', '062478f7-5126-faff-cbee-5de71728f522')^

insert into FINANCE_COMPANY
(ID, VERSION, CREATE_TS, CREATED_BY, UPDATE_TS, UPDATED_BY, DELETE_TS, DELETED_BY, NAME, BUSINESS_ID)
values ('75b7b29b-6a79-30b4-7456-baf9d50781ee', 1, '2022-03-15 22:38:11', 'admin', '2022-03-15 22:38:11', null, null, null, 'ПОРТ ОЧАКІВ ТОВ', '062478f7-5126-faff-cbee-5de71728f522')^

insert into FINANCE_COMPANY
(ID, VERSION, CREATE_TS, CREATED_BY, UPDATE_TS, UPDATED_BY, DELETE_TS, DELETED_BY, NAME, BUSINESS_ID)
values ('6ff0e5f0-2a0e-689e-94e1-1e330be0f845', 1, '2022-03-15 22:38:11', 'admin', '2022-03-15 22:38:11', null, null, null, 'СМАРТ-МЕРІТАЙМ ГРУП ТОВ', '37276629-3d35-aa65-406b-90e89d5a0a98')^

insert into FINANCE_COMPANY
(ID, VERSION, CREATE_TS, CREATED_BY, UPDATE_TS, UPDATED_BY, DELETE_TS, DELETED_BY, NAME, BUSINESS_ID)
values ('6802b19d-ced9-3d1f-d36f-b849a0bf8732', 1, '2022-03-15 22:38:11', 'admin', '2022-03-15 22:38:11', null, null, null, 'СМАРТ–МЕРІТАЙМ АКТИВ ТОВ', '37276629-3d35-aa65-406b-90e89d5a0a98')^

insert into FINANCE_COMPANY
(ID, VERSION, CREATE_TS, CREATED_BY, UPDATE_TS, UPDATED_BY, DELETE_TS, DELETED_BY, NAME, BUSINESS_ID)
values ('c59a0400-fd02-83b6-5bbb-e1295f0db092', 1, '2022-03-15 22:38:11', 'admin', '2022-03-15 22:38:11', null, null, null, 'СМАРТ-МЕРІТАЙМ ЕКСПЕРТ ТОВ', '37276629-3d35-aa65-406b-90e89d5a0a98')^

insert into FINANCE_COMPANY
(ID, VERSION, CREATE_TS, CREATED_BY, UPDATE_TS, UPDATED_BY, DELETE_TS, DELETED_BY, NAME, BUSINESS_ID)
values ('6ca6ae16-64ac-ab42-c575-f127639f7271', 1, '2022-03-15 22:38:11', 'admin', '2022-03-15 22:38:11', null, null, null, 'НАВИ ТОВ', '37276629-3d35-aa65-406b-90e89d5a0a98')^

insert into FINANCE_COMPANY
(ID, VERSION, CREATE_TS, CREATED_BY, UPDATE_TS, UPDATED_BY, DELETE_TS, DELETED_BY, NAME, BUSINESS_ID)
values ('7ed9ad33-524f-0133-277e-abefa56fa337', 1, '2022-03-15 22:38:11', 'admin', '2022-03-15 22:38:11', null, null, null, 'УКРГАЗВИДОБУТОК ПрАТ', 'b2b91e6c-8cb3-d952-dbe2-adb67958ffb5')^

insert into FINANCE_COMPANY
(ID, VERSION, CREATE_TS, CREATED_BY, UPDATE_TS, UPDATED_BY, DELETE_TS, DELETED_BY, NAME, BUSINESS_ID)
values ('32f76d33-e973-db6e-0b1e-295fd1f56a06', 1, '2022-03-15 22:38:11', 'admin', '2022-03-15 22:38:11', null, null, null, 'АРКОНА ГАЗ-ЕНЕРГІЯ ТОВ', 'b2b91e6c-8cb3-d952-dbe2-adb67958ffb5')^

insert into FINANCE_COMPANY
(ID, VERSION, CREATE_TS, CREATED_BY, UPDATE_TS, UPDATED_BY, DELETE_TS, DELETED_BY, NAME, BUSINESS_ID)
values ('fe650105-a684-0af1-cdf6-5ec05f0113c0', 1, '2022-03-15 22:38:11', 'admin', '2022-03-15 22:38:11', null, null, null, 'РЕГАЛ ПЕТРОЛЕУМ КОРПОРЕЙШН (ЮКРЕЙН) ЛІМІТЕД ТОВ', 'b2b91e6c-8cb3-d952-dbe2-adb67958ffb5')^

insert into FINANCE_COMPANY
(ID, VERSION, CREATE_TS, CREATED_BY, UPDATE_TS, UPDATED_BY, DELETE_TS, DELETED_BY, NAME, BUSINESS_ID)
values ('d24cd531-ae5b-9423-d75c-e21dab135427', 1, '2022-03-15 22:38:11', 'admin', '2022-03-15 22:38:11', null, null, null, 'СМАРТ ЕНЕРДЖІ ТОВ', 'b2b91e6c-8cb3-d952-dbe2-adb67958ffb5')^

insert into FINANCE_COMPANY
(ID, VERSION, CREATE_TS, CREATED_BY, UPDATE_TS, UPDATED_BY, DELETE_TS, DELETED_BY, NAME, BUSINESS_ID)
values ('990e6c2d-246c-7661-4b61-f695f52309b8', 1, '2022-03-15 22:38:11', 'admin', '2022-03-15 22:38:11', null, null, null, 'МБФ НА ЧЕСТЬ ПОКРОВИ ПРЕСВЯТОЇ БОГОРОДИЦІ', '52730b35-900a-02ad-4d90-f0c78c23980e')^

insert into FINANCE_COMPANY
(ID, VERSION, CREATE_TS, CREATED_BY, UPDATE_TS, UPDATED_BY, DELETE_TS, DELETED_BY, NAME, BUSINESS_ID)
values ('1a3c9025-8cb1-076c-7268-0bd9ac79db94', 1, '2022-03-15 22:38:11', 'admin', '2022-03-15 22:38:11', null, null, null, 'ЛС ПРОПЕРТІ ТОВ', '52730b35-900a-02ad-4d90-f0c78c23980e')^

insert into FINANCE_COMPANY
(ID, VERSION, CREATE_TS, CREATED_BY, UPDATE_TS, UPDATED_BY, DELETE_TS, DELETED_BY, NAME, BUSINESS_ID)
values ('2b4a4ef1-bb61-ebd1-575e-d504eb1c79e8', 1, '2022-03-15 22:38:11', 'admin', '2022-03-15 22:38:11', null, null, null, 'МСК ТОВ', '52730b35-900a-02ad-4d90-f0c78c23980e')^

insert into FINANCE_COMPANY
(ID, VERSION, CREATE_TS, CREATED_BY, UPDATE_TS, UPDATED_BY, DELETE_TS, DELETED_BY, NAME, BUSINESS_ID)
values ('097a4524-3290-590b-a073-5e567488c7d9', 1, '2022-03-15 22:38:11', 'admin', '2022-03-15 22:38:11', null, null, null, 'САНТИС ТФФ ТОВ', '52730b35-900a-02ad-4d90-f0c78c23980e')^

insert into FINANCE_COMPANY
(ID, VERSION, CREATE_TS, CREATED_BY, UPDATE_TS, UPDATED_BY, DELETE_TS, DELETED_BY, NAME, BUSINESS_ID)
values ('56b37df8-329b-4572-d343-eba0551ef613', 1, '2022-03-15 22:38:11', 'admin', '2022-03-15 22:38:11', null, null, null, 'СКАЙ ДЕФЕНС ТОВ', '52730b35-900a-02ad-4d90-f0c78c23980e')^

insert into FINANCE_COMPANY
(ID, VERSION, CREATE_TS, CREATED_BY, UPDATE_TS, UPDATED_BY, DELETE_TS, DELETED_BY, NAME, BUSINESS_ID)
values ('6c26e6df-6244-da3d-1aaf-9fe01828ee99', 1, '2022-03-15 22:38:11', 'admin', '2022-03-15 22:38:11', null, null, null, 'ОХОРОННЕ АГЕНТСТВО ФІДЕЛЬ ТОВ', '52730b35-900a-02ad-4d90-f0c78c23980e')^

insert into FINANCE_COMPANY
(ID, VERSION, CREATE_TS, CREATED_BY, UPDATE_TS, UPDATED_BY, DELETE_TS, DELETED_BY, NAME, BUSINESS_ID)
values ('bb13365b-188f-a8c4-21ce-3c71b77a3a16', 1, '2022-03-15 22:38:11', 'admin', '2022-03-15 22:38:11', null, null, null, 'ФІАНОР ТОВ', '52730b35-900a-02ad-4d90-f0c78c23980e')^

insert into FINANCE_COMPANY
(ID, VERSION, CREATE_TS, CREATED_BY, UPDATE_TS, UPDATED_BY, DELETE_TS, DELETED_BY, NAME, BUSINESS_ID)
values ('23e64442-d4d2-42fd-277c-ee32f5a38c9e', 1, '2022-03-15 22:38:11', 'admin', '2022-03-15 22:38:11', null, null, null, 'ВІН-ПЕЛЕТА ТОВ', 'd02d0e26-aa64-7f56-ecf0-91a23984596b')^

insert into FINANCE_COMPANY
(ID, VERSION, CREATE_TS, CREATED_BY, UPDATE_TS, UPDATED_BY, DELETE_TS, DELETED_BY, NAME, BUSINESS_ID)
values ('5ef24655-7fac-4695-ac61-2f864b9c3cf4', 1, '2022-03-15 22:38:11', 'admin', '2022-03-15 22:38:11', null, null, null, 'КРИВОРІЖАГЛОБУД ТОВ', 'd02d0e26-aa64-7f56-ecf0-91a23984596b')^

insert into FINANCE_COMPANY
(ID, VERSION, CREATE_TS, CREATED_BY, UPDATE_TS, UPDATED_BY, DELETE_TS, DELETED_BY, NAME, BUSINESS_ID)
values ('acb676bb-d549-539c-af79-077530890161', 1, '2022-03-15 22:38:11', 'admin', '2022-03-15 22:38:11', null, null, null, 'РЕСТ-МАРКЕТ ГРУП ТОВ', 'd02d0e26-aa64-7f56-ecf0-91a23984596b')^

insert into FINANCE_COMPANY
(ID, VERSION, CREATE_TS, CREATED_BY, UPDATE_TS, UPDATED_BY, DELETE_TS, DELETED_BY, NAME, BUSINESS_ID)
values ('3a64b0d0-24eb-1aa4-eaf2-102704c57489', 1, '2022-03-15 22:38:11', 'admin', '2022-03-15 22:38:11', null, null, null, 'ФЕСТЛАНД ТОВ', 'd02d0e26-aa64-7f56-ecf0-91a23984596b')^

insert into FINANCE_COMPANY
(ID, VERSION, CREATE_TS, CREATED_BY, UPDATE_TS, UPDATED_BY, DELETE_TS, DELETED_BY, NAME, BUSINESS_ID)
values ('b4939694-eaf8-9f5b-af89-cd1eeff16698', 1, '2022-03-15 22:38:11', 'admin', '2022-03-15 22:38:11', null, null, null, 'АКУС ТОВ', 'd02d0e26-aa64-7f56-ecf0-91a23984596b')^

insert into FINANCE_COMPANY
(ID, VERSION, CREATE_TS, CREATED_BY, UPDATE_TS, UPDATED_BY, DELETE_TS, DELETED_BY, NAME, BUSINESS_ID)
values ('91d74ae5-8945-a3d4-1fd1-75a3dd82c342', 1, '2022-03-15 22:38:11', 'admin', '2022-03-15 22:38:11', null, null, null, 'СОТОН ТРЕЙД ТОВ', 'd02d0e26-aa64-7f56-ecf0-91a23984596b')^

insert into FINANCE_COMPANY
(ID, VERSION, CREATE_TS, CREATED_BY, UPDATE_TS, UPDATED_BY, DELETE_TS, DELETED_BY, NAME, BUSINESS_ID)
values ('d57485ac-f0c1-58f7-7b73-0a8ea6667079', 1, '2022-03-15 22:38:11', 'admin', '2022-03-15 22:38:11', null, null, null, 'СОТОН ТОВ', 'd02d0e26-aa64-7f56-ecf0-91a23984596b')^

insert into FINANCE_COMPANY
(ID, VERSION, CREATE_TS, CREATED_BY, UPDATE_TS, UPDATED_BY, DELETE_TS, DELETED_BY, NAME, BUSINESS_ID)
values ('67c18de7-27fe-d0a6-e5d5-39f0fcaecf21', 1, '2022-03-15 22:38:11', 'admin', '2022-03-15 22:38:11', null, null, null, 'МІЖРЕГІОНАЛЬНА ПЕЛЕТНА КОМПАНІЯ ТОВ', 'd02d0e26-aa64-7f56-ecf0-91a23984596b')^

insert into FINANCE_COMPANY
(ID, VERSION, CREATE_TS, CREATED_BY, UPDATE_TS, UPDATED_BY, DELETE_TS, DELETED_BY, NAME, BUSINESS_ID)
values ('e9c00ff3-df98-0388-2ab7-1eb078486d68', 1, '2022-03-15 22:38:11', 'admin', '2022-03-15 22:38:11', null, null, null, 'СМАРТ-ХОЛДИНГ ТОВ', '88d0a5c0-16fe-199d-49df-431ecb8de113')^

insert into FINANCE_COMPANY
(ID, VERSION, CREATE_TS, CREATED_BY, UPDATE_TS, UPDATED_BY, DELETE_TS, DELETED_BY, NAME, BUSINESS_ID)
values ('23b529a0-4665-3a14-7d97-f4a44b99d631', 1, '2022-03-15 22:38:11', 'admin', '2022-03-15 22:38:11', null, null, null, 'ІТ КАПІТАЛ ТОВ', '88d0a5c0-16fe-199d-49df-431ecb8de113')^

insert into FINANCE_COMPANY
(ID, VERSION, CREATE_TS, CREATED_BY, UPDATE_TS, UPDATED_BY, DELETE_TS, DELETED_BY, NAME, BUSINESS_ID)
values ('f89bbd62-3295-ad2c-2e39-113add44c075', 1, '2022-03-15 22:38:11', 'admin', '2022-03-15 22:38:11', null, null, null, 'ПОДІЛ-2000 ТОВ', '88d0a5c0-16fe-199d-49df-431ecb8de113')^

insert into FINANCE_COMPANY
(ID, VERSION, CREATE_TS, CREATED_BY, UPDATE_TS, UPDATED_BY, DELETE_TS, DELETED_BY, NAME, BUSINESS_ID)
values ('f4411f64-b9f4-6ffe-30df-509e10ace782', 1, '2022-03-15 22:38:11', 'admin', '2022-03-15 22:38:11', null, null, null, 'СМАРТ БІЗНЕС СЕРВІС ТОВ', '88d0a5c0-16fe-199d-49df-431ecb8de113')^

insert into FINANCE_COMPANY
(ID, VERSION, CREATE_TS, CREATED_BY, UPDATE_TS, UPDATED_BY, DELETE_TS, DELETED_BY, NAME, BUSINESS_ID)
values ('35cd49d1-fb01-6a7f-7c5d-dfdca76f5ab9', 1, '2022-03-15 22:38:11', 'admin', '2022-03-15 22:38:11', null, null, null, 'СМАРТ-ЛІЗИНГ ТОВ', '88d0a5c0-16fe-199d-49df-431ecb8de113')^

insert into FINANCE_COMPANY
(ID, VERSION, CREATE_TS, CREATED_BY, UPDATE_TS, UPDATED_BY, DELETE_TS, DELETED_BY, NAME, BUSINESS_ID)
values ('75c1f687-baec-815b-8e42-378b74a4a200', 1, '2022-03-15 22:38:11', 'admin', '2022-03-15 22:38:11', null, null, null, 'ФІНЛАЙН ЛТД', '88d0a5c0-16fe-199d-49df-431ecb8de113')^

insert into FINANCE_CASH_FLOW_ITEM
(ID, VERSION, CREATE_TS, CREATED_BY, UPDATE_TS, UPDATED_BY, DELETE_TS, DELETED_BY, NAME)
values ('a1f2b7f1-f0ee-5a4f-a6ed-789a15e43d4a', 1, '2022-03-15 23:15:13', 'admin', '2022-03-15 23:15:13', null, null, null, 'ФОТ')^

insert into FINANCE_CASH_FLOW_ITEM
(ID, VERSION, CREATE_TS, CREATED_BY, UPDATE_TS, UPDATED_BY, DELETE_TS, DELETED_BY, NAME)
values ('0522f264-a66d-bca9-06ac-a809823c923e', 1, '2022-03-15 23:17:16', 'admin', '2022-03-15 23:17:16', null, null, null, 'Производство')^

insert into FINANCE_CASH_FLOW_ITEM
(ID, VERSION, CREATE_TS, CREATED_BY, UPDATE_TS, UPDATED_BY, DELETE_TS, DELETED_BY, NAME)
values ('07fca085-9105-2ff2-997f-e7be237bec84', 1, '2022-03-15 23:17:37', 'admin', '2022-03-15 23:17:37', null, null, null, 'Налоги')^

insert into FINANCE_CASH_FLOW_ITEM
(ID, VERSION, CREATE_TS, CREATED_BY, UPDATE_TS, UPDATED_BY, DELETE_TS, DELETED_BY, NAME)
values ('dd308f21-3870-3c37-7f31-457dd4a0cbfd', 1, '2022-03-15 23:17:42', 'admin', '2022-03-15 23:17:42', null, null, null, 'Земля')^

insert into FINANCE_CASH_FLOW_ITEM
(ID, VERSION, CREATE_TS, CREATED_BY, UPDATE_TS, UPDATED_BY, DELETE_TS, DELETED_BY, NAME)
values ('bddb5e31-7df8-4eea-9644-a8bcfba3ff2c', 1, '2022-03-15 23:17:50', 'admin', '2022-03-15 23:17:50', null, null, null, 'Комунальные')^

insert into FINANCE_CASH_FLOW_ITEM
(ID, VERSION, CREATE_TS, CREATED_BY, UPDATE_TS, UPDATED_BY, DELETE_TS, DELETED_BY, NAME)
values ('893262ea-d971-d351-5c87-69866b2a7a41', 1, '2022-03-15 23:17:55', 'admin', '2022-03-15 23:17:55', null, null, null, 'Дистрибуция')^

insert into FINANCE_CASH_FLOW_ITEM
(ID, VERSION, CREATE_TS, CREATED_BY, UPDATE_TS, UPDATED_BY, DELETE_TS, DELETED_BY, NAME)
values ('6d2e7ee2-ca52-9685-a9c1-d5bb81197972', 1, '2022-03-15 23:18:12', 'admin', '2022-03-15 23:18:12', null, null, null, 'Проценты')^

insert into FINANCE_CASH_FLOW_ITEM
(ID, VERSION, CREATE_TS, CREATED_BY, UPDATE_TS, UPDATED_BY, DELETE_TS, DELETED_BY, NAME)
values ('87edfdc6-03bf-7a9d-7a33-6e3d48fcdc9a', 1, '2022-03-15 23:18:23', 'admin', '2022-03-15 23:18:23', null, null, null, 'Внутри группа')^

insert into FINANCE_CASH_FLOW_ITEM
(ID, VERSION, CREATE_TS, CREATED_BY, UPDATE_TS, UPDATED_BY, DELETE_TS, DELETED_BY, NAME)
values ('a6bed62c-5e4c-5fd5-2e2d-dc2bf3a972fd', 1, '2022-03-15 23:18:28', 'admin', '2022-03-15 23:18:28', null, null, null, 'Прочие')^

insert into FINANCE_PAYMENT_TYPE
(ID, VERSION, CREATE_TS, CREATED_BY, UPDATE_TS, UPDATED_BY, DELETE_TS, DELETED_BY, NAME)
values ('a53b97e7-5604-cced-eff9-31e6d3c8babb', 1, '2022-03-15 23:15:21', 'admin', '2022-03-15 23:15:21', null, null, null, 'Акт')^

insert into FINANCE_PAYMENT_TYPE
(ID, VERSION, CREATE_TS, CREATED_BY, UPDATE_TS, UPDATED_BY, DELETE_TS, DELETED_BY, NAME)
values ('23cb2626-97ee-8a02-cd97-c4f1f1bcd3f9', 1, '2022-03-15 23:21:00', 'admin', '2022-03-15 23:21:00', null, null, null, 'Предоплата')^

insert into FINANCE_PAYMENT_TYPE
(ID, VERSION, CREATE_TS, CREATED_BY, UPDATE_TS, UPDATED_BY, DELETE_TS, DELETED_BY, NAME)
values ('ee779d82-260e-f6b0-319f-5cbac1f74cb5', 1, '2022-03-15 23:21:14', 'admin', '2022-03-15 23:21:14', null, null, null, 'Просроченный долг')^
